{
  "Ansi 7 Color (Light)": {
    "Red Component": 0.78075778484344482,
    "Color Space": "P3",
    "Blue Component": 0.7807578444480896,
    "Alpha Component": 1,
    "Green Component": 0.7807578444480896
  },
  "Brighten Bold Text (Light)": true,
  "Ansi 15 Color (Light)": {
    "Red Component": 0.99999994039535522,
    "Color Space": "P3",
    "Blue Component": 1,
    "Alpha Component": 1,
    "Green Component": 1
  },
  "Ansi 2 Color (Light)": {
    "Red Component": 0.32040977478027344,
    "Color Space": "P3",
    "Blue Component": 0.21573609113693237,
    "Alpha Component": 1,
    "Green Component": 0.75062829256057739
  },
  "Ansi 1 Color (Dark)": {
    "Red Component": 0.72474533319473267,
    "Color Space": "P3",
    "Blue Component": 0.09916398674249649,
    "Alpha Component": 1,
    "Green Component": 0.19041210412979126
  },
  "Use Bright Bold (Dark)": true,
  "Ansi 9 Color (Light)": {
    "Red Component": 0.93948507308959961,
    "Color Space": "P3",
    "Blue Component": 0.42765229940414429,
    "Alpha Component": 1,
    "Green Component": 0.4657326340675354
  },
  "Ansi 8 Color (Dark)": {
    "Red Component": 0.40747219324111938,
    "Color Space": "P3",
    "Blue Component": 0.40747225284576416,
    "Alpha Component": 1,
    "Green Component": 0.40747219324111938
  },
  "Columns": 100,
  "Ansi 4 Color (Light)": {
    "Red Component": 0.049945145845413208,
    "Color Space": "P3",
    "Blue Component": 0.75069838762283325,
    "Alpha Component": 1,
    "Green Component": 0.14295598864555359
  },
  "Blinking Cursor": true,
  "Space": 0,
  "Selected Text Color (Light)": {
    "Red Component": 0,
    "Color Space": "P3",
    "Blue Component": 0,
    "Alpha Component": 1,
    "Green Component": 0
  },
  "Mouse Reporting allow clicks and drags": false,
  "Selected Text Color (Dark)": {
    "Red Component": 0,
    "Color Space": "P3",
    "Blue Component": 0,
    "Alpha Component": 1,
    "Green Component": 0
  },
  "Cursor Type": 1,
  "Ansi 3 Color (Dark)": {
    "Red Component": 0.77835863828659058,
    "Color Space": "P3",
    "Blue Component": 0.24299025535583496,
    "Alpha Component": 1,
    "Green Component": 0.76967424154281616
  },
  "Visual Bell": true,
  "Only The Default BG Color Uses Transparency": false,
  "Scrollback Lines": 1500,
  "Selection Color (Light)": {
    "Red Component": 0.77888357639312744,
    "Color Space": "P3",
    "Blue Component": 0.98825246095657349,
    "Alpha Component": 1,
    "Green Component": 0.86601698398590088
  },
  "Match Background Color (Dark)": {
    "Red Component": 0.99697142839431763,
    "Color Space": "P3",
    "Blue Component": 0.32116127014160156,
    "Alpha Component": 1,
    "Green Component": 0.98600882291793823
  },
  "Ansi 11 Color (Light)": {
    "Red Component": 0.99739068746566772,
    "Color Space": "P3",
    "Blue Component": 0.496368408203125,
    "Alpha Component": 1,
    "Green Component": 0.98795753717422485
  },
  "Ansi 5 Color (Dark)": {
    "Red Component": 0.72737771272659302,
    "Color Space": "P3",
    "Blue Component": 0.7570069432258606,
    "Alpha Component": 1,
    "Green Component": 0.2432720959186554
  },
  "Cursor Text Color (Light)": {
    "Red Component": 0.99999994039535522,
    "Color Space": "P3",
    "Blue Component": 1,
    "Alpha Component": 1,
    "Green Component": 1
  },
  "Rows": 100,
  "Draw Powerline Glyphs": true,
  "Guid": "274FECB6-1D34-4A45-A1F9-23DFA78BA94B",
  "Ansi 14 Color (Dark)": {
    "Red Component": 0.55671864748001099,
    "Color Space": "P3",
    "Blue Component": 0.99341541528701782,
    "Alpha Component": 1,
    "Green Component": 0.97971898317337036
  },
  "Use Cursor Guide (Dark)": false,
  "Ansi 15 Color (Dark)": {
    "Red Component": 0.99999994039535522,
    "Color Space": "P3",
    "Blue Component": 1,
    "Alpha Component": 1,
    "Green Component": 1
  },
  "Ansi 0 Color (Dark)": {
    "Red Component": 0,
    "Color Space": "P3",
    "Blue Component": 0,
    "Alpha Component": 1,
    "Green Component": 0
  },
  "Window Type": 1,
  "Smart Cursor Color (Dark)": false,
  "BM Growl": true,
  "Prompt Before Closing 2": false,
  "Command": "\/run\/current-system\/sw\/bin\/fish",
  "Smart Cursor Color (Light)": false,
  "Use Bright Bold (Light)": true,
  "Use Selected Text Color (Light)": true,
  "Ansi 14 Color (Light)": {
    "Red Component": 0.55671864748001099,
    "Color Space": "P3",
    "Blue Component": 0.99341541528701782,
    "Alpha Component": 1,
    "Green Component": 0.97971898317337036
  },
  "Cursor Guide Color (Dark)": {
    "Red Component": 0.74862593412399292,
    "Color Space": "P3",
    "Blue Component": 0.99125725030899048,
    "Alpha Component": 0.25,
    "Green Component": 0.92047786712646484
  },
  "Blend": 0.12961906934306569,
  "ASCII Ligatures": false,
  "Jobs to Ignore": ["rlogin", "ssh", "slogin", "telnet"],
  "Badge Color (Dark)": {
    "Red Component": 0.92929404973983765,
    "Color Space": "P3",
    "Blue Component": 0.13960540294647217,
    "Alpha Component": 0.5,
    "Green Component": 0.25479039549827576
  },
  "Use Underline Color (Light)": false,
  "Vertical Spacing": 1,
  "Minimum Contrast (Light)": 0,
  "Use Selected Text Color (Dark)": true,
  "Selection Color (Dark)": {
    "Red Component": 0.77888357639312744,
    "Color Space": "P3",
    "Blue Component": 0.98825246095657349,
    "Alpha Component": 1,
    "Green Component": 0.86601698398590088
  },
  "Default Bookmark": "No",
  "Minimum Contrast (Dark)": 0,
  "Custom Command": "Custom Shell",
  "Foreground Color (Light)": {
    "Red Component": 0.78075778484344482,
    "Color Space": "P3",
    "Blue Component": 0.7807578444480896,
    "Alpha Component": 1,
    "Green Component": 0.7807578444480896
  },
  "Background Color (Dark)": {
    "Red Component": 0,
    "Color Space": "P3",
    "Blue Component": 0,
    "Alpha Component": 1,
    "Green Component": 0
  },
  "Show Status Bar": true,
  "Ansi 13 Color (Dark)": {
    "Red Component": 0.049945145845413208,
    "Color Space": "P3",
    "Blue Component": 0.75069838762283325,
    "Alpha Component": 1,
    "Green Component": 0.14295598864555359
  },
  "Cursor Guide Color (Light)": {
    "Red Component": 0.74862593412399292,
    "Color Space": "P3",
    "Blue Component": 0.99125725030899048,
    "Alpha Component": 0.25,
    "Green Component": 0.92047786712646484
  },
  "Ansi 10 Color (Light)": {
    "Red Component": 0.55109566450119019,
    "Color Space": "P3",
    "Blue Component": 0.47975778579711914,
    "Alpha Component": 1,
    "Green Component": 0.96734005212783813
  },
  "Blink Allowed": true,
  "Link Color (Light)": {
    "Red Component": 0.14513972401618958,
    "Color Space": "P3",
    "Blue Component": 0.7093239426612854,
    "Alpha Component": 1,
    "Green Component": 0.35333043336868286
  },
  "Load Shell Integration Automatically": false,
  "Ansi 7 Color (Dark)": {
    "Red Component": 0.78075778484344482,
    "Color Space": "P3",
    "Blue Component": 0.7807578444480896,
    "Alpha Component": 1,
    "Green Component": 0.7807578444480896
  },
  "Use Tab Color (Dark)": false,
  "Name": "Default",
  "Transparency": 0,
  "Horizontal Spacing": 1,
  "Thin Strokes": 4,
  "Cursor Color (Dark)": {
    "Red Component": 0.78075778484344482,
    "Color Space": "P3",
    "Blue Component": 0.7807578444480896,
    "Alpha Component": 1,
    "Green Component": 0.7807578444480896
  },
  "Unicode Normalization": 0,
  "Ansi 2 Color (Dark)": {
    "Red Component": 0.32040977478027344,
    "Color Space": "P3",
    "Blue Component": 0.21573609113693237,
    "Alpha Component": 1,
    "Green Component": 0.75062829256057739
  },
  "Ansi 9 Color (Dark)": {
    "Red Component": 0.93948507308959961,
    "Color Space": "P3",
    "Blue Component": 0.42765229940414429,
    "Alpha Component": 1,
    "Green Component": 0.4657326340675354
  },
  "Ansi 13 Color (Light)": {
    "Red Component": 0.049945145845413208,
    "Color Space": "P3",
    "Blue Component": 0.75069838762283325,
    "Alpha Component": 1,